pair,doc_mix,method,mix_ratio,ndcg10,ndcg10_std,ndcg10_stderr,ndcg10_ci90_low,ndcg10_ci90_high,ndcg10_ci95_low,ndcg10_ci95_high,mrr10,r10,model,source_file
EN-VI,EN + VI docs,embed,0.0,85.6818,27.3642,1.2035,83.6987,87.6649,83.3175,88.0461,82.8584,95.1644,word-mix-bge-m3,mmarco-100000-bilingual-en-vi-word-mix-bge-m3/vector_mix/cm-alpha-0_dev_20260414-105324-agg.csv
EN-VI,EN + VI docs,embed,10.0,85.6372,27.3678,1.2036,83.6538,87.6206,83.2726,88.0018,82.7368,95.3578,word-mix-bge-m3,mmarco-100000-bilingual-en-vi-word-mix-bge-m3/vector_mix/cm-alpha-0.1_dev_20260414-105339-agg.csv
EN-VI,EN + VI docs,embed,30.0,85.6322,27.8542,1.225,83.6136,87.6508,83.2255,88.0388,83.035,94.7776,word-mix-bge-m3,mmarco-100000-bilingual-en-vi-word-mix-bge-m3/vector_mix/cm-alpha-0.3_dev_20260414-105354-agg.csv
EN-VI,EN + VI docs,embed,50.0,82.9369,29.559,1.3,80.7947,85.0791,80.383,85.4908,79.7993,93.9072,word-mix-bge-m3,mmarco-100000-bilingual-en-vi-word-mix-bge-m3/vector_mix/cm-alpha-0.5_dev_20260414-105409-agg.csv
EN-VI,EN + VI docs,embed,70.0,80.5633,31.6288,1.391,78.2711,82.8554,77.8305,83.296,77.374,92.2147,word-mix-bge-m3,mmarco-100000-bilingual-en-vi-word-mix-bge-m3/vector_mix/cm-alpha-0.7_dev_20260414-105424-agg.csv
EN-VI,EN + VI docs,embed,90.0,78.2693,34.0319,1.4967,75.803,80.7357,75.3289,81.2098,75.058,89.7002,word-mix-bge-m3,mmarco-100000-bilingual-en-vi-word-mix-bge-m3/vector_mix/cm-alpha-0.9_dev_20260414-105439-agg.csv
EN-VI,EN + VI docs,embed,100.0,76.6031,35.2368,1.5497,74.0495,79.1567,73.5586,79.6476,73.3336,88.0561,word-mix-bge-m3,mmarco-100000-bilingual-en-vi-word-mix-bge-m3/vector_mix/cm-alpha-1_dev_20260414-105455-agg.csv
EN-VI,EN + VI docs,word,0.0,85.7022,27.4936,1.2092,83.7097,87.6947,83.3267,88.0777,82.9423,94.971,word-mix-bge-m3,mmarco-100000-bilingual-en-vi-word-mix-bge-m3/cm0_base_dev_20260414-105128-agg.csv
EN-VI,EN + VI docs,word,10.0,82.0375,30.8659,1.3575,79.8006,84.2743,79.3706,84.7043,78.921,92.6499,word-mix-bge-m3,mmarco-100000-bilingual-en-vi-word-mix-bge-m3/cm0-20_base_dev_20260414-105140-agg.csv
EN-VI,EN + VI docs,word,30.0,81.9916,30.7538,1.3526,79.7629,84.2204,79.3344,84.6488,78.9032,92.8917,word-mix-bge-m3,mmarco-100000-bilingual-en-vi-word-mix-bge-m3/cm20-40_base_dev_20260414-105152-agg.csv
EN-VI,EN + VI docs,word,50.0,80.5477,32.2817,1.4197,78.2082,82.8872,77.7585,83.3369,77.2779,91.5861,word-mix-bge-m3,mmarco-100000-bilingual-en-vi-word-mix-bge-m3/cm40-60_base_dev_20260414-105204-agg.csv
EN-VI,EN + VI docs,word,70.0,79.3711,33.1816,1.4593,76.9664,81.7758,76.5042,82.2381,76.4097,90.3288,word-mix-bge-m3,mmarco-100000-bilingual-en-vi-word-mix-bge-m3/cm60-80_base_dev_20260414-105216-agg.csv
EN-VI,EN + VI docs,word,90.0,77.7352,34.3502,1.5107,75.2458,80.2245,74.7672,80.7031,74.545,89.1683,word-mix-bge-m3,mmarco-100000-bilingual-en-vi-word-mix-bge-m3/cm80-100_base_dev_20260414-105227-agg.csv
EN-VI,EN + VI docs,word,100.0,76.5192,35.2394,1.5498,73.9654,79.073,73.4745,79.5639,73.2353,88.0561,word-mix-bge-m3,mmarco-100000-bilingual-en-vi-word-mix-bge-m3/cm100_base_dev_20260414-105243-agg.csv
EN-VI,EN docs,embed,0.0,85.9585,27.1574,1.1944,83.9904,87.9267,83.6121,88.305,83.1811,95.3578,word-mix-bge-m3,mmarco-100000-english-en-vi-word-mix-bge-m3/vector_mix/cm-alpha-0_dev_20260414-110320-agg.csv
EN-VI,EN docs,embed,10.0,85.8031,27.2888,1.2002,83.8255,87.7808,83.4453,88.1609,82.9598,95.3578,word-mix-bge-m3,mmarco-100000-english-en-vi-word-mix-bge-m3/vector_mix/cm-alpha-0.1_dev_20260414-110331-agg.csv
EN-VI,EN docs,embed,30.0,85.8174,28.1464,1.2379,83.7776,87.8572,83.3855,88.2493,83.2907,94.294,word-mix-bge-m3,mmarco-100000-english-en-vi-word-mix-bge-m3/vector_mix/cm-alpha-0.3_dev_20260414-110342-agg.csv
EN-VI,EN docs,embed,50.0,83.1686,29.7996,1.3106,81.009,85.3282,80.5939,85.7434,80.1579,93.8104,word-mix-bge-m3,mmarco-100000-english-en-vi-word-mix-bge-m3/vector_mix/cm-alpha-0.5_dev_20260414-110353-agg.csv
EN-VI,EN docs,embed,70.0,78.9299,34.0372,1.497,76.4632,81.3966,75.9891,81.8708,76.0255,89.3617,word-mix-bge-m3,mmarco-100000-english-en-vi-word-mix-bge-m3/vector_mix/cm-alpha-0.7_dev_20260414-110403-agg.csv
EN-VI,EN docs,embed,90.0,69.3832,38.7779,1.7054,66.573,72.1935,66.0328,72.7337,65.817,82.0116,word-mix-bge-m3,mmarco-100000-english-en-vi-word-mix-bge-m3/vector_mix/cm-alpha-0.9_dev_20260414-110414-agg.csv
EN-VI,EN docs,embed,100.0,63.7082,40.7342,1.7915,60.7562,66.6602,60.1887,67.2277,59.4819,77.4662,word-mix-bge-m3,mmarco-100000-english-en-vi-word-mix-bge-m3/vector_mix/cm-alpha-1_dev_20260414-110424-agg.csv
EN-VI,EN docs,word,0.0,86.0529,27.123,1.1929,84.0873,88.0186,83.7095,88.3964,83.2983,95.3578,word-mix-bge-m3,mmarco-100000-english-en-vi-word-mix-bge-m3/cm0_dev_20260414-110458-agg.csv
EN-VI,EN docs,word,10.0,80.7225,32.1072,1.4121,78.3957,83.0494,77.9484,83.4967,77.5205,91.4894,word-mix-bge-m3,mmarco-100000-english-en-vi-word-mix-bge-m3/cm0-20_dev_20260414-110508-agg.csv
EN-VI,EN docs,word,30.0,79.2648,33.5857,1.4771,76.8308,81.6988,76.363,82.1667,76.2685,89.942,word-mix-bge-m3,mmarco-100000-english-en-vi-word-mix-bge-m3/cm20-40_dev_20260414-110518-agg.csv
EN-VI,EN docs,word,50.0,74.2157,36.2903,1.596,71.5857,76.8457,71.0802,77.3513,70.4042,87.0406,word-mix-bge-m3,mmarco-100000-english-en-vi-word-mix-bge-m3/cm40-60_dev_20260414-110528-agg.csv
EN-VI,EN docs,word,70.0,73.3268,36.9412,1.6247,70.6496,76.0039,70.135,76.5186,69.6818,85.9768,word-mix-bge-m3,mmarco-100000-english-en-vi-word-mix-bge-m3/cm60-80_dev_20260414-110538-agg.csv
EN-VI,EN docs,word,90.0,69.6322,38.6116,1.6981,66.834,72.4304,66.2961,72.9683,65.7866,83.1721,word-mix-bge-m3,mmarco-100000-english-en-vi-word-mix-bge-m3/cm80-100_dev_20260414-110547-agg.csv
EN-VI,EN docs,word,100.0,63.6288,40.7867,1.7938,60.6729,66.5846,60.1047,67.1528,59.4693,77.2727,word-mix-bge-m3,mmarco-100000-english-en-vi-word-mix-bge-m3/cm100_dev_20260414-110558-agg.csv
EN-VI,VI docs,embed,0.0,67.9146,39.2197,1.7249,65.0724,70.7569,64.526,71.3033,64.14,81.528,word-mix-bge-m3,mmarco-100000-vietnamese-en-vi-word-mix-bge-m3/vector_mix/cm-alpha-0_dev_20260414-104937-agg.csv
EN-VI,VI docs,embed,10.0,71.6785,37.5013,1.6493,68.9607,74.3962,68.4383,74.9186,68.0572,84.8646,word-mix-bge-m3,mmarco-100000-vietnamese-en-vi-word-mix-bge-m3/vector_mix/cm-alpha-0.1_dev_20260414-104947-agg.csv
EN-VI,VI docs,embed,30.0,76.3725,34.5804,1.5208,73.8664,78.8785,73.3847,79.3603,72.8371,88.8298,word-mix-bge-m3,mmarco-100000-vietnamese-en-vi-word-mix-bge-m3/vector_mix/cm-alpha-0.3_dev_20260414-104957-agg.csv
EN-VI,VI docs,embed,50.0,78.1124,33.4665,1.4719,75.6871,80.5377,75.2208,81.004,74.8136,89.7969,word-mix-bge-m3,mmarco-100000-vietnamese-en-vi-word-mix-bge-m3/vector_mix/cm-alpha-0.5_dev_20260414-105007-agg.csv
EN-VI,VI docs,embed,70.0,78.57,33.647,1.4798,76.1316,81.0085,75.6629,81.4772,75.3448,89.7969,word-mix-bge-m3,mmarco-100000-vietnamese-en-vi-word-mix-bge-m3/vector_mix/cm-alpha-0.7_dev_20260414-105018-agg.csv
EN-VI,VI docs,embed,90.0,77.3343,34.7618,1.5288,74.815,79.8535,74.3308,80.3377,74.1328,88.7331,word-mix-bge-m3,mmarco-100000-vietnamese-en-vi-word-mix-bge-m3/vector_mix/cm-alpha-0.9_dev_20260414-105028-agg.csv
EN-VI,VI docs,embed,100.0,75.9144,35.5483,1.5634,73.3382,78.4906,72.843,78.9859,72.5707,87.4758,word-mix-bge-m3,mmarco-100000-vietnamese-en-vi-word-mix-bge-m3/vector_mix/cm-alpha-1_dev_20260414-105039-agg.csv
EN-VI,VI docs,word,0.0,67.8487,39.2313,1.7254,65.0056,70.6918,64.459,71.2383,64.0917,81.4636,word-mix-bge-m3,mmarco-100000-vietnamese-en-vi-word-mix-bge-m3/cm0_dev_20260414-110022-agg.csv
EN-VI,VI docs,word,10.0,68.6545,38.9817,1.7144,65.8295,71.4795,65.2864,72.0226,64.8168,82.205,word-mix-bge-m3,mmarco-100000-vietnamese-en-vi-word-mix-bge-m3/cm0-20_dev_20260414-110033-agg.csv
EN-VI,VI docs,word,30.0,71.1123,37.3328,1.6419,68.4068,73.8179,67.8867,74.338,67.4471,84.381,word-mix-bge-m3,mmarco-100000-vietnamese-en-vi-word-mix-bge-m3/cm20-40_dev_20260414-110044-agg.csv
EN-VI,VI docs,word,50.0,72.4698,37.2212,1.637,69.7723,75.1672,69.2538,75.6857,68.8818,84.7679,word-mix-bge-m3,mmarco-100000-vietnamese-en-vi-word-mix-bge-m3/cm40-60_dev_20260414-110055-agg.csv
EN-VI,VI docs,word,70.0,71.8605,37.5398,1.651,69.1399,74.581,68.6169,75.104,68.4131,84.1231,word-mix-bge-m3,mmarco-100000-vietnamese-en-vi-word-mix-bge-m3/cm60-80_dev_20260414-110105-agg.csv
EN-VI,VI docs,word,90.0,73.1137,37.2873,1.6399,70.4114,75.8159,69.892,76.3354,69.8167,84.7195,word-mix-bge-m3,mmarco-100000-vietnamese-en-vi-word-mix-bge-m3/cm80-100_dev_20260414-110114-agg.csv
EN-VI,VI docs,word,100.0,75.8939,35.5876,1.5651,73.3149,78.473,72.8191,78.9687,72.6645,87.4758,word-mix-bge-m3,mmarco-100000-vietnamese-en-vi-word-mix-bge-m3/cm100_dev_20260414-110125-agg.csv
EN-ZH,EN + ZH docs,embed,0.0,84.9326,27.6673,0.7182,83.7505,86.1147,83.5238,86.3414,81.9951,95.1988,word-mix-bge-m3,mmarco-100000-bilingual-en-zh-word-mix-bge-m3/vector_mix/cm-alpha-0_dev_20260414-104755-agg.csv
EN-ZH,EN + ZH docs,embed,10.0,84.8982,27.6785,0.7185,83.7156,86.0807,83.4888,86.3075,81.8967,95.3336,word-mix-bge-m3,mmarco-100000-bilingual-en-zh-word-mix-bge-m3/vector_mix/cm-alpha-0.1_dev_20260414-104812-agg.csv
EN-ZH,EN + ZH docs,embed,30.0,84.1674,28.2795,0.7341,82.9591,85.3756,82.7274,85.6073,81.0239,95.0303,word-mix-bge-m3,mmarco-100000-bilingual-en-zh-word-mix-bge-m3/vector_mix/cm-alpha-0.3_dev_20260414-104829-agg.csv
EN-ZH,EN + ZH docs,embed,50.0,82.6423,29.3321,0.7614,81.3891,83.8955,81.1487,84.1359,79.3265,94.2666,word-mix-bge-m3,mmarco-100000-bilingual-en-zh-word-mix-bge-m3/vector_mix/cm-alpha-0.5_dev_20260414-104845-agg.csv
EN-ZH,EN + ZH docs,embed,70.0,81.5471,30.3571,0.788,80.2501,82.8441,80.0013,83.0929,78.2091,93.2221,word-mix-bge-m3,mmarco-100000-bilingual-en-zh-word-mix-bge-m3/vector_mix/cm-alpha-0.7_dev_20260414-104901-agg.csv
EN-ZH,EN + ZH docs,embed,90.0,80.0698,31.9076,0.8283,78.7065,81.433,78.4451,81.6945,76.7743,91.7734,word-mix-bge-m3,mmarco-100000-bilingual-en-zh-word-mix-bge-m3/vector_mix/cm-alpha-0.9_dev_20260414-104918-agg.csv
EN-ZH,EN + ZH docs,embed,100.0,79.0836,32.6988,0.8488,77.6865,80.4806,77.4186,80.7486,75.7682,90.8637,word-mix-bge-m3,mmarco-100000-bilingual-en-zh-word-mix-bge-m3/vector_mix/cm-alpha-1_dev_20260414-104934-agg.csv
EN-ZH,EN + ZH docs,word,0.0,84.9205,27.6791,0.7185,83.7379,86.1031,83.5111,86.3299,81.9802,95.1988,word-mix-bge-m3,mmarco-100000-bilingual-en-zh-word-mix-bge-m3/cm0_base_dev_20260414-104710-agg.csv
EN-ZH,EN + ZH docs,word,10.0,82.4998,29.4546,0.7646,81.2413,83.7582,81.0,83.9996,79.0701,94.1487,word-mix-bge-m3,mmarco-100000-bilingual-en-zh-word-mix-bge-m3/cm0-20_base_dev_20260414-104723-agg.csv
EN-ZH,EN + ZH docs,word,30.0,81.8183,30.6605,0.7959,80.5084,83.1283,80.2571,83.3796,78.6141,93.0705,word-mix-bge-m3,mmarco-100000-bilingual-en-zh-word-mix-bge-m3/cm20-40_base_dev_20260414-104736-agg.csv
EN-ZH,EN + ZH docs,word,50.0,79.7579,31.7882,0.8252,78.3998,81.1161,78.1393,81.3766,76.2232,91.9474,word-mix-bge-m3,mmarco-100000-bilingual-en-zh-word-mix-bge-m3/cm40-60_base_dev_20260414-104749-agg.csv
EN-ZH,EN + ZH docs,word,70.0,78.6118,32.8358,0.8524,77.2089,80.0147,76.9398,80.2838,75.1161,90.976,word-mix-bge-m3,mmarco-100000-bilingual-en-zh-word-mix-bge-m3/cm60-80_base_dev_20260414-104802-agg.csv
EN-ZH,EN + ZH docs,word,90.0,78.5735,32.9297,0.8548,77.1665,79.9804,76.8967,80.2502,75.1177,90.611,word-mix-bge-m3,mmarco-100000-bilingual-en-zh-word-mix-bge-m3/cm80-100_base_dev_20260414-104816-agg.csv
EN-ZH,EN + ZH docs,word,100.0,79.0778,32.6876,0.8485,77.6812,80.4744,77.4133,80.7422,75.7455,90.8637,word-mix-bge-m3,mmarco-100000-bilingual-en-zh-word-mix-bge-m3/cm100_base_dev_20260414-104834-agg.csv
EN-ZH,EN docs,embed,0.0,85.246,27.2874,0.7083,84.0802,86.4119,83.8565,86.6355,82.3554,95.4346,word-mix-bge-m3,mmarco-100000-english-en-zh-word-mix-bge-m3/vector_mix/cm-alpha-0_dev_20260414-104621-agg.csv
EN-ZH,EN docs,embed,10.0,85.3409,27.271,0.7079,84.1757,86.5061,83.9523,86.7295,82.4341,95.502,word-mix-bge-m3,mmarco-100000-english-en-zh-word-mix-bge-m3/vector_mix/cm-alpha-0.1_dev_20260414-104633-agg.csv
EN-ZH,EN docs,embed,30.0,84.7606,27.8833,0.7238,83.5693,85.9519,83.3408,86.1804,81.7885,95.064,word-mix-bge-m3,mmarco-100000-english-en-zh-word-mix-bge-m3/vector_mix/cm-alpha-0.3_dev_20260414-104645-agg.csv
EN-ZH,EN docs,embed,50.0,83.6623,29.0794,0.7549,82.4199,84.9047,82.1816,85.143,80.5928,94.334,word-mix-bge-m3,mmarco-100000-english-en-zh-word-mix-bge-m3/vector_mix/cm-alpha-0.5_dev_20260414-104656-agg.csv
EN-ZH,EN docs,embed,70.0,80.1646,31.7642,0.8246,78.8074,81.5217,78.5471,81.782,76.9846,91.7397,word-mix-bge-m3,mmarco-100000-english-en-zh-word-mix-bge-m3/vector_mix/cm-alpha-0.7_dev_20260414-104708-agg.csv
EN-ZH,EN docs,embed,90.0,72.5528,36.1265,0.9378,71.0093,74.0963,70.7132,74.3923,68.4927,86.5341,word-mix-bge-m3,mmarco-100000-english-en-zh-word-mix-bge-m3/vector_mix/cm-alpha-0.9_dev_20260414-104719-agg.csv
EN-ZH,EN docs,embed,100.0,67.2473,38.6668,1.0037,65.5952,68.8993,65.2784,69.2162,63.046,82.1316,word-mix-bge-m3,mmarco-100000-english-en-zh-word-mix-bge-m3/vector_mix/cm-alpha-1_dev_20260414-104731-agg.csv
EN-ZH,EN docs,word,0.0,85.2532,27.2758,0.708,84.0878,86.4185,83.8643,86.642,82.3277,95.4346,word-mix-bge-m3,mmarco-100000-english-en-zh-word-mix-bge-m3/cm0_dev_20260414-110123-agg.csv
EN-ZH,EN docs,word,10.0,81.1859,31.3895,0.8148,79.8448,82.5271,79.5876,82.7843,77.9194,92.3518,word-mix-bge-m3,mmarco-100000-english-en-zh-word-mix-bge-m3/cm0-20_dev_20260414-110134-agg.csv
EN-ZH,EN docs,word,30.0,79.3667,32.8252,0.8521,77.9643,80.7692,77.6953,81.0382,76.1195,90.9535,word-mix-bge-m3,mmarco-100000-english-en-zh-word-mix-bge-m3/cm20-40_dev_20260414-110145-agg.csv
EN-ZH,EN docs,word,50.0,75.2865,34.9022,0.906,73.7953,76.7777,73.5093,77.0637,71.6794,88.3199,word-mix-bge-m3,mmarco-100000-english-en-zh-word-mix-bge-m3/cm40-60_dev_20260414-110156-agg.csv
EN-ZH,EN docs,word,70.0,73.5177,36.494,0.9473,71.9585,75.0769,71.6595,75.376,69.8904,86.3994,word-mix-bge-m3,mmarco-100000-english-en-zh-word-mix-bge-m3/cm60-80_dev_20260414-110206-agg.csv
EN-ZH,EN docs,word,90.0,71.4879,36.6797,0.9522,69.9208,73.0551,69.6202,73.3557,67.4109,85.6581,word-mix-bge-m3,mmarco-100000-english-en-zh-word-mix-bge-m3/cm80-100_dev_20260414-110216-agg.csv
EN-ZH,EN docs,word,100.0,67.2548,38.6884,1.0043,65.6018,68.9078,65.2848,69.2248,63.035,82.1541,word-mix-bge-m3,mmarco-100000-english-en-zh-word-mix-bge-m3/cm100_dev_20260414-110227-agg.csv
EN-ZH,ZH docs,embed,0.0,68.6592,38.754,1.006,67.0034,70.315,66.6859,70.6325,64.8186,82.3057,word-mix-bge-m3,mmarco-100000-chinese-en-zh-word-mix-bge-m3/vector_mix/cm-alpha-0_dev_20260414-104836-agg.csv
EN-ZH,ZH docs,embed,10.0,71.9575,36.9828,0.96,70.3774,73.5376,70.0744,73.8407,68.0923,85.3044,word-mix-bge-m3,mmarco-100000-chinese-en-zh-word-mix-bge-m3/vector_mix/cm-alpha-0.1_dev_20260414-104848-agg.csv
EN-ZH,ZH docs,embed,30.0,77.2387,33.2321,0.8627,75.8189,78.6586,75.5466,78.9309,73.3426,90.8131,word-mix-bge-m3,mmarco-100000-chinese-en-zh-word-mix-bge-m3/vector_mix/cm-alpha-0.3_dev_20260414-104859-agg.csv
EN-ZH,ZH docs,embed,50.0,79.5458,31.7243,0.8235,78.1904,80.9012,77.9304,81.1612,75.9095,91.9924,word-mix-bge-m3,mmarco-100000-chinese-en-zh-word-mix-bge-m3/vector_mix/cm-alpha-0.5_dev_20260414-104910-agg.csv
EN-ZH,ZH docs,embed,70.0,80.0507,31.7569,0.8244,78.6939,81.4075,78.4336,81.6678,76.601,91.8407,word-mix-bge-m3,mmarco-100000-chinese-en-zh-word-mix-bge-m3/vector_mix/cm-alpha-0.7_dev_20260414-104922-agg.csv
EN-ZH,ZH docs,embed,90.0,79.1088,32.6113,0.8465,77.7155,80.5021,77.4482,80.7694,75.7301,90.9647,word-mix-bge-m3,mmarco-100000-chinese-en-zh-word-mix-bge-m3/vector_mix/cm-alpha-0.9_dev_20260414-104934-agg.csv
EN-ZH,ZH docs,embed,100.0,78.2214,33.4575,0.8685,76.792,79.6509,76.5178,79.9251,74.936,89.8866,word-mix-bge-m3,mmarco-100000-chinese-en-zh-word-mix-bge-m3/vector_mix/cm-alpha-1_dev_20260414-104945-agg.csv
EN-ZH,ZH docs,word,0.0,68.6544,38.7762,1.0066,66.9977,70.3111,66.6799,70.6289,64.8359,82.272,word-mix-bge-m3,mmarco-100000-chinese-en-zh-word-mix-bge-m3/cm0_dev_20260414-110112-agg.csv
EN-ZH,ZH docs,word,10.0,71.77,36.9498,0.9592,70.1913,73.3486,69.8885,73.6514,67.7261,85.5739,word-mix-bge-m3,mmarco-100000-chinese-en-zh-word-mix-bge-m3/cm0-20_dev_20260414-110122-agg.csv
EN-ZH,ZH docs,word,30.0,73.3091,36.3556,0.9437,71.7558,74.8624,71.4579,75.1603,69.3976,86.6689,word-mix-bge-m3,mmarco-100000-chinese-en-zh-word-mix-bge-m3/cm20-40_dev_20260414-110132-agg.csv
EN-ZH,ZH docs,word,50.0,73.6393,36.0522,0.9359,72.0989,75.1796,71.8035,75.475,69.7737,86.9272,word-mix-bge-m3,mmarco-100000-chinese-en-zh-word-mix-bge-m3/cm40-60_dev_20260414-110144-agg.csv
EN-ZH,ZH docs,word,70.0,73.8089,36.3534,0.9437,72.2557,75.3621,71.9578,75.66,70.2505,86.3488,word-mix-bge-m3,mmarco-100000-chinese-en-zh-word-mix-bge-m3/cm60-80_dev_20260414-110155-agg.csv
EN-ZH,ZH docs,word,90.0,75.057,35.5462,0.9227,73.5383,76.5758,73.247,76.867,71.5957,87.2754,word-mix-bge-m3,mmarco-100000-chinese-en-zh-word-mix-bge-m3/cm80-100_dev_20260414-110205-agg.csv
EN-ZH,ZH docs,word,100.0,78.2634,33.4165,0.8674,76.8357,79.6911,76.5618,79.9649,74.9094,89.954,word-mix-bge-m3,mmarco-100000-chinese-en-zh-word-mix-bge-m3/cm100_dev_20260414-110217-agg.csv
HI-ID,HI + ID docs,embed,0.0,78.0368,33.8796,0.9084,76.5416,79.5319,76.2548,79.8187,75.0435,89.2883,word-mix-bge-m3,mmarco-100000-bilingual-hi-id-word-mix-bge-m3/vector_mix/cm-alpha-0_dev_20260414-111240-agg.csv
HI-ID,HI + ID docs,embed,10.0,78.7788,33.0724,0.8868,77.3192,80.2383,77.0393,80.5183,75.6698,90.2948,word-mix-bge-m3,mmarco-100000-bilingual-hi-id-word-mix-bge-m3/vector_mix/cm-alpha-0.1_dev_20260414-111254-agg.csv
HI-ID,HI + ID docs,embed,30.0,80.458,31.7553,0.8514,79.0566,81.8595,78.7878,82.1283,77.2732,91.8763,word-mix-bge-m3,mmarco-100000-bilingual-hi-id-word-mix-bge-m3/vector_mix/cm-alpha-0.3_dev_20260414-111309-agg.csv
HI-ID,HI + ID docs,embed,50.0,81.3055,30.8302,0.8266,79.9449,82.6661,79.6839,82.9271,78.1065,92.8469,word-mix-bge-m3,mmarco-100000-bilingual-hi-id-word-mix-bge-m3/vector_mix/cm-alpha-0.5_dev_20260414-111323-agg.csv
HI-ID,HI + ID docs,embed,70.0,81.2157,30.8616,0.8275,79.8538,82.5777,79.5925,82.839,77.9546,92.7091,word-mix-bge-m3,mmarco-100000-bilingual-hi-id-word-mix-bge-m3/vector_mix/cm-alpha-0.7_dev_20260414-111337-agg.csv
HI-ID,HI + ID docs,embed,90.0,81.2681,30.7812,0.8253,79.9097,82.6265,79.6491,82.8871,77.9944,92.763,word-mix-bge-m3,mmarco-100000-bilingual-hi-id-word-mix-bge-m3/vector_mix/cm-alpha-0.9_dev_20260414-111351-agg.csv
HI-ID,HI + ID docs,embed,100.0,80.5716,31.3363,0.8402,79.1887,81.9546,78.9234,82.2198,77.2274,92.116,word-mix-bge-m3,mmarco-100000-bilingual-hi-id-word-mix-bge-m3/vector_mix/cm-alpha-1_dev_20260414-111406-agg.csv
HI-ID,HI + ID docs,word,0.0,77.9747,33.9387,0.91,76.477,79.4725,76.1897,79.7598,75.0156,89.1565,word-mix-bge-m3,mmarco-100000-bilingual-hi-id-word-mix-bge-m3/cm0_base_dev_20260414-110850-agg.csv
HI-ID,HI + ID docs,word,10.0,76.679,34.5096,0.9253,75.156,78.202,74.8639,78.4941,73.3627,89.0846,word-mix-bge-m3,mmarco-100000-bilingual-hi-id-word-mix-bge-m3/cm0-20_base_dev_20260414-110902-agg.csv
HI-ID,HI + ID docs,word,30.0,75.3685,35.5002,0.9518,73.8018,76.9352,73.5012,77.2357,71.9735,87.485,word-mix-bge-m3,mmarco-100000-bilingual-hi-id-word-mix-bge-m3/cm20-40_base_dev_20260414-110916-agg.csv
HI-ID,HI + ID docs,word,50.0,76.7791,34.5915,0.9275,75.2525,78.3057,74.9596,78.5985,73.534,88.7072,word-mix-bge-m3,mmarco-100000-bilingual-hi-id-word-mix-bge-m3/cm40-60_base_dev_20260414-110929-agg.csv
HI-ID,HI + ID docs,word,70.0,77.2823,34.1235,0.9149,75.7764,78.7882,75.4875,79.0771,74.053,89.3003,word-mix-bge-m3,mmarco-100000-bilingual-hi-id-word-mix-bge-m3/cm60-80_base_dev_20260414-110942-agg.csv
HI-ID,HI + ID docs,word,90.0,78.9572,33.1166,0.8879,77.4957,80.4187,77.2153,80.699,75.7309,90.5823,word-mix-bge-m3,mmarco-100000-bilingual-hi-id-word-mix-bge-m3/cm80-100_base_dev_20260414-110954-agg.csv
HI-ID,HI + ID docs,word,100.0,80.5815,31.3486,0.8405,79.198,81.9649,78.9326,82.2303,77.2554,92.116,word-mix-bge-m3,mmarco-100000-bilingual-hi-id-word-mix-bge-m3/cm100_base_dev_20260414-111007-agg.csv
HI-ID,HI docs,embed,0.0,77.892,34.0764,0.9137,76.3881,79.3958,76.0996,79.6843,74.9431,89.0846,word-mix-bge-m3,mmarco-100000-hindi-hi-id-word-mix-bge-m3/vector_mix/cm-alpha-0_dev_20260414-110400-agg.csv
HI-ID,HI docs,embed,10.0,78.3876,33.6503,0.9022,76.9025,79.8727,76.6177,80.1575,75.4232,89.5519,word-mix-bge-m3,mmarco-100000-hindi-hi-id-word-mix-bge-m3/vector_mix/cm-alpha-0.1_dev_20260414-110411-agg.csv
HI-ID,HI docs,embed,30.0,78.9305,33.1973,0.8901,77.4654,80.3955,77.1844,80.6766,75.915,89.9832,word-mix-bge-m3,mmarco-100000-hindi-hi-id-word-mix-bge-m3/vector_mix/cm-alpha-0.3_dev_20260414-110423-agg.csv
HI-ID,HI docs,embed,50.0,78.6333,33.3136,0.8932,77.1631,80.1035,76.8811,80.3855,75.5622,89.9473,word-mix-bge-m3,mmarco-100000-hindi-hi-id-word-mix-bge-m3/vector_mix/cm-alpha-0.5_dev_20260414-110434-agg.csv
HI-ID,HI docs,embed,70.0,75.8005,34.8719,0.935,74.2615,77.3394,73.9663,77.6346,72.4126,88.2818,word-mix-bge-m3,mmarco-100000-hindi-hi-id-word-mix-bge-m3/vector_mix/cm-alpha-0.7_dev_20260414-110446-agg.csv
HI-ID,HI docs,embed,90.0,70.3745,38.0266,1.0196,68.6963,72.0527,68.3744,72.3746,66.7748,83.7168,word-mix-bge-m3,mmarco-100000-hindi-hi-id-word-mix-bge-m3/vector_mix/cm-alpha-0.9_dev_20260414-110457-agg.csv
HI-ID,HI docs,embed,100.0,66.56,39.7173,1.0649,64.8072,68.3128,64.471,68.6491,62.8535,79.9425,word-mix-bge-m3,mmarco-100000-hindi-hi-id-word-mix-bge-m3/vector_mix/cm-alpha-1_dev_20260414-110509-agg.csv
HI-ID,HI docs,word,0.0,77.8919,34.1303,0.9151,76.3856,79.3981,76.0967,79.687,74.9901,89.0127,word-mix-bge-m3,mmarco-100000-hindi-hi-id-word-mix-bge-m3/cm0_dev_20260414-111119-agg.csv
HI-ID,HI docs,word,10.0,75.6002,35.678,0.9566,74.0257,77.1747,73.7236,77.4768,72.5744,87.1076,word-mix-bge-m3,mmarco-100000-hindi-hi-id-word-mix-bge-m3/cm0-20_dev_20260414-111129-agg.csv
HI-ID,HI docs,word,30.0,73.0082,37.0359,0.993,71.3737,74.6426,71.0602,74.9561,69.7543,85.0647,word-mix-bge-m3,mmarco-100000-hindi-hi-id-word-mix-bge-m3/cm20-40_dev_20260414-111140-agg.csv
HI-ID,HI docs,word,50.0,72.3695,37.2878,0.9998,70.7239,74.0151,70.4083,74.3308,69.0826,84.6753,word-mix-bge-m3,mmarco-100000-hindi-hi-id-word-mix-bge-m3/cm40-60_dev_20260414-111149-agg.csv
HI-ID,HI docs,word,70.0,71.5584,37.9897,1.0186,69.8819,73.235,69.5603,73.5566,68.4211,83.4651,word-mix-bge-m3,mmarco-100000-hindi-hi-id-word-mix-bge-m3/cm60-80_dev_20260414-111159-agg.csv
HI-ID,HI docs,word,90.0,70.18,38.1193,1.0221,68.4977,71.8623,68.1751,72.185,66.761,83.1177,word-mix-bge-m3,mmarco-100000-hindi-hi-id-word-mix-bge-m3/cm80-100_dev_20260414-111208-agg.csv
HI-ID,HI docs,word,100.0,66.6473,39.6974,1.0644,64.8954,68.3992,64.5593,68.7353,62.9456,79.9425,word-mix-bge-m3,mmarco-100000-hindi-hi-id-word-mix-bge-m3/cm100_dev_20260414-111218-agg.csv
HI-ID,ID docs,embed,0.0,65.3667,40.3097,1.0808,63.5877,67.1456,63.2465,67.4868,61.5089,78.8941,word-mix-bge-m3,mmarco-100000-indonesian-hi-id-word-mix-bge-m3/vector_mix/cm-alpha-0_dev_20260414-110613-agg.csv
HI-ID,ID docs,embed,10.0,69.8161,38.035,1.0198,68.1375,71.4947,67.8156,71.8166,65.7407,83.7467,word-mix-bge-m3,mmarco-100000-indonesian-hi-id-word-mix-bge-m3/vector_mix/cm-alpha-0.1_dev_20260414-110624-agg.csv
HI-ID,ID docs,embed,30.0,76.501,34.4668,0.9241,74.9799,78.0221,74.6881,78.3138,72.9636,88.821,word-mix-bge-m3,mmarco-100000-indonesian-hi-id-word-mix-bge-m3/vector_mix/cm-alpha-0.3_dev_20260414-110635-agg.csv
HI-ID,ID docs,embed,50.0,79.3278,32.4536,0.8702,77.8955,80.76,77.6208,81.0348,75.9314,91.1934,word-mix-bge-m3,mmarco-100000-indonesian-hi-id-word-mix-bge-m3/vector_mix/cm-alpha-0.5_dev_20260414-110646-agg.csv
HI-ID,ID docs,embed,70.0,80.6483,31.264,0.8383,79.2686,82.0281,79.0039,82.2927,77.2754,92.4035,word-mix-bge-m3,mmarco-100000-indonesian-hi-id-word-mix-bge-m3/vector_mix/cm-alpha-0.7_dev_20260414-110657-agg.csv
HI-ID,ID docs,embed,90.0,80.7748,31.2272,0.8373,79.3967,82.1529,79.1323,82.4173,77.4336,92.4395,word-mix-bge-m3,mmarco-100000-indonesian-hi-id-word-mix-bge-m3/vector_mix/cm-alpha-0.9_dev_20260414-110708-agg.csv
HI-ID,ID docs,embed,100.0,80.2359,31.6125,0.8476,78.8408,81.631,78.5732,81.8986,76.8355,91.9363,word-mix-bge-m3,mmarco-100000-indonesian-hi-id-word-mix-bge-m3/vector_mix/cm-alpha-1_dev_20260414-110719-agg.csv
HI-ID,ID docs,word,0.0,65.4462,40.3712,1.0825,63.6646,67.2279,63.3228,67.5696,61.6385,78.8222,word-mix-bge-m3,mmarco-100000-indonesian-hi-id-word-mix-bge-m3/cm0_dev_20260414-111315-agg.csv
HI-ID,ID docs,word,10.0,64.5554,40.4016,1.0833,62.7724,66.3384,62.4304,66.6804,60.5199,78.5526,word-mix-bge-m3,mmarco-100000-indonesian-hi-id-word-mix-bge-m3/cm0-20_dev_20260414-111324-agg.csv
HI-ID,ID docs,word,30.0,65.6183,40.171,1.0771,63.8455,67.3911,63.5054,67.7312,61.6655,78.966,word-mix-bge-m3,mmarco-100000-indonesian-hi-id-word-mix-bge-m3/cm20-40_dev_20260414-111333-agg.csv
HI-ID,ID docs,word,50.0,68.6743,38.5626,1.034,66.9725,70.3762,66.6461,70.7026,64.7456,82.3808,word-mix-bge-m3,mmarco-100000-indonesian-hi-id-word-mix-bge-m3/cm40-60_dev_20260414-111343-agg.csv
HI-ID,ID docs,word,70.0,71.0143,37.6073,1.0083,69.3546,72.674,69.0363,72.9924,67.2809,84.214,word-mix-bge-m3,mmarco-100000-indonesian-hi-id-word-mix-bge-m3/cm60-80_dev_20260414-111352-agg.csv
HI-ID,ID docs,word,90.0,75.3855,35.5805,0.954,73.8153,76.9557,73.5141,77.2569,71.8531,87.5869,word-mix-bge-m3,mmarco-100000-indonesian-hi-id-word-mix-bge-m3/cm80-100_dev_20260414-111401-agg.csv
HI-ID,ID docs,word,100.0,80.2075,31.6315,0.8481,78.8116,81.6035,78.5438,81.8713,76.8574,91.9363,word-mix-bge-m3,mmarco-100000-indonesian-hi-id-word-mix-bge-m3/cm100_dev_20260414-111410-agg.csv
ZH-VI,VI docs,embed,0.0,58.8212,41.1696,2.6465,54.4513,63.1911,53.608,64.0344,53.8438,74.8623,word-mix-bge-m3,mmarco-100000-vietnamese-zh-vi-word-mix-bge-m3/vector_mix/cm-alpha-0_dev_20260414-105605-agg.csv
ZH-VI,VI docs,embed,10.0,63.6612,40.8839,2.6281,59.3217,68.0008,58.4842,68.8383,59.5791,77.3416,word-mix-bge-m3,mmarco-100000-vietnamese-zh-vi-word-mix-bge-m3/vector_mix/cm-alpha-0.1_dev_20260414-105615-agg.csv
ZH-VI,VI docs,embed,30.0,69.6538,38.8924,2.5001,65.5256,73.7819,64.7289,74.5786,65.6225,82.7135,word-mix-bge-m3,mmarco-100000-vietnamese-zh-vi-word-mix-bge-m3/vector_mix/cm-alpha-0.3_dev_20260414-105625-agg.csv
ZH-VI,VI docs,embed,50.0,72.926,36.0761,2.3191,69.0967,76.7552,68.3577,77.4942,68.5152,87.259,word-mix-bge-m3,mmarco-100000-vietnamese-zh-vi-word-mix-bge-m3/vector_mix/cm-alpha-0.5_dev_20260414-105636-agg.csv
ZH-VI,VI docs,embed,70.0,73.9798,35.8644,2.3055,70.1731,77.7866,69.4384,78.5213,69.9641,87.741,word-mix-bge-m3,mmarco-100000-vietnamese-zh-vi-word-mix-bge-m3/vector_mix/cm-alpha-0.7_dev_20260414-105647-agg.csv
ZH-VI,VI docs,embed,90.0,72.3964,36.3602,2.3373,68.5371,76.2558,67.7923,77.0006,68.0237,87.3278,word-mix-bge-m3,mmarco-100000-vietnamese-zh-vi-word-mix-bge-m3/vector_mix/cm-alpha-0.9_dev_20260414-105657-agg.csv
ZH-VI,VI docs,embed,100.0,71.7303,37.1981,2.3912,67.7819,75.6786,67.02,76.4405,67.5592,86.0882,word-mix-bge-m3,mmarco-100000-vietnamese-zh-vi-word-mix-bge-m3/vector_mix/cm-alpha-1_dev_20260414-105708-agg.csv
ZH-VI,VI docs,word,0.0,58.8039,41.1787,2.6471,54.4331,63.1748,53.5896,64.0183,54.0378,74.8623,word-mix-bge-m3,mmarco-100000-vietnamese-zh-vi-word-mix-bge-m3/cm0_dev_20260414-110201-agg.csv
ZH-VI,VI docs,word,10.0,57.7517,42.2896,2.7185,53.263,62.2405,52.3967,63.1067,53.6711,71.9697,word-mix-bge-m3,mmarco-100000-vietnamese-zh-vi-word-mix-bge-m3/cm0-20_dev_20260414-110210-agg.csv
ZH-VI,VI docs,word,30.0,59.8961,42.26,2.7166,55.4105,64.3817,54.5448,65.2473,56.3267,72.2452,word-mix-bge-m3,mmarco-100000-vietnamese-zh-vi-word-mix-bge-m3/cm20-40_dev_20260414-110219-agg.csv
ZH-VI,VI docs,word,50.0,61.8206,40.2328,2.5863,57.5501,66.091,56.726,66.9151,57.6523,78.0992,word-mix-bge-m3,mmarco-100000-vietnamese-zh-vi-word-mix-bge-m3/cm40-60_dev_20260414-110228-agg.csv
ZH-VI,VI docs,word,70.0,62.842,41.3191,2.6561,58.4563,67.2277,57.6099,68.0741,58.8938,77.2039,word-mix-bge-m3,mmarco-100000-vietnamese-zh-vi-word-mix-bge-m3/cm60-80_dev_20260414-110237-agg.csv
ZH-VI,VI docs,word,90.0,64.1457,39.6429,2.5483,59.9379,68.3535,59.1258,69.1655,59.4928,80.0964,word-mix-bge-m3,mmarco-100000-vietnamese-zh-vi-word-mix-bge-m3/cm80-100_dev_20260414-110246-agg.csv
ZH-VI,VI docs,word,100.0,71.6004,37.2818,2.3966,67.6432,75.5576,66.8795,76.3213,67.4313,86.0882,word-mix-bge-m3,mmarco-100000-vietnamese-zh-vi-word-mix-bge-m3/cm100_dev_20260414-110256-agg.csv
ZH-VI,ZH + VI docs,embed,0.0,74.4443,35.5612,2.286,70.6697,78.2189,69.9413,78.9473,70.5477,87.741,word-mix-bge-m3,mmarco-100000-bilingual-zh-vi-word-mix-bge-m3/vector_mix/cm-alpha-0_dev_20260414-110220-agg.csv
ZH-VI,ZH + VI docs,embed,10.0,74.8557,35.9722,2.3124,71.0375,78.6739,70.3006,79.4108,71.1911,87.3278,word-mix-bge-m3,mmarco-100000-bilingual-zh-vi-word-mix-bge-m3/vector_mix/cm-alpha-0.1_dev_20260414-110234-agg.csv
ZH-VI,ZH + VI docs,embed,30.0,74.0709,36.02,2.3155,70.2476,77.8942,69.5098,78.632,70.0876,87.4656,word-mix-bge-m3,mmarco-100000-bilingual-zh-vi-word-mix-bge-m3/vector_mix/cm-alpha-0.3_dev_20260414-110248-agg.csv
ZH-VI,ZH + VI docs,embed,50.0,74.401,34.7417,2.2333,70.7134,78.0886,70.0017,78.8002,69.9444,89.7383,word-mix-bge-m3,mmarco-100000-bilingual-zh-vi-word-mix-bge-m3/vector_mix/cm-alpha-0.5_dev_20260414-110303-agg.csv
ZH-VI,ZH + VI docs,embed,70.0,74.917,35.1037,2.2565,71.191,78.643,70.4719,79.3621,70.7061,89.1873,word-mix-bge-m3,mmarco-100000-bilingual-zh-vi-word-mix-bge-m3/vector_mix/cm-alpha-0.7_dev_20260414-110317-agg.csv
ZH-VI,ZH + VI docs,embed,90.0,71.9214,36.5172,2.3474,68.0453,75.7975,67.2973,76.5455,67.5538,86.9146,word-mix-bge-m3,mmarco-100000-bilingual-zh-vi-word-mix-bge-m3/vector_mix/cm-alpha-0.9_dev_20260414-110331-agg.csv
ZH-VI,ZH + VI docs,embed,100.0,71.1437,37.5179,2.4117,67.1614,75.126,66.3929,75.8945,66.9743,85.6749,word-mix-bge-m3,mmarco-100000-bilingual-zh-vi-word-mix-bge-m3/vector_mix/cm-alpha-1_dev_20260414-110346-agg.csv
ZH-VI,ZH + VI docs,word,0.0,74.4431,35.553,2.2854,70.6694,78.2168,69.9411,78.945,70.5418,87.741,word-mix-bge-m3,mmarco-100000-bilingual-zh-vi-word-mix-bge-m3/cm0_base_dev_20260414-105836-agg.csv
ZH-VI,ZH + VI docs,word,10.0,72.3554,36.4975,2.3462,68.4815,76.2294,67.7339,76.977,68.524,85.8815,word-mix-bge-m3,mmarco-100000-bilingual-zh-vi-word-mix-bge-m3/cm0-20_base_dev_20260414-105846-agg.csv
ZH-VI,ZH + VI docs,word,30.0,72.1373,38.2302,2.4575,68.0795,76.1952,67.2963,76.9783,69.1176,82.989,word-mix-bge-m3,mmarco-100000-bilingual-zh-vi-word-mix-bge-m3/cm20-40_base_dev_20260414-105857-agg.csv
ZH-VI,ZH + VI docs,word,50.0,72.3351,36.7969,2.3654,68.4294,76.2409,67.6756,76.9946,68.4361,86.3636,word-mix-bge-m3,mmarco-100000-bilingual-zh-vi-word-mix-bge-m3/cm40-60_base_dev_20260414-105909-agg.csv
ZH-VI,ZH + VI docs,word,70.0,71.6702,36.97,2.3765,67.7461,75.5943,66.9888,76.3516,67.5425,86.0882,word-mix-bge-m3,mmarco-100000-bilingual-zh-vi-word-mix-bge-m3/cm60-80_base_dev_20260414-105920-agg.csv
ZH-VI,ZH + VI docs,word,90.0,70.199,37.5383,2.4131,66.2146,74.1834,65.4456,74.9524,66.0119,84.9862,word-mix-bge-m3,mmarco-100000-bilingual-zh-vi-word-mix-bge-m3/cm80-100_base_dev_20260414-105930-agg.csv
ZH-VI,ZH + VI docs,word,100.0,71.0593,37.5131,2.4114,67.0776,75.0411,66.3092,75.8095,66.9112,85.6749,word-mix-bge-m3,mmarco-100000-bilingual-zh-vi-word-mix-bge-m3/cm100_base_dev_20260414-105941-agg.csv
ZH-VI,ZH docs,embed,0.0,74.3195,35.4973,2.2819,70.5517,78.0873,69.8246,78.8144,70.3686,87.741,word-mix-bge-m3,mmarco-100000-chinese-zh-vi-word-mix-bge-m3/vector_mix/cm-alpha-0_dev_20260414-110524-agg.csv
ZH-VI,ZH docs,embed,10.0,75.0703,35.5781,2.287,71.2939,78.8467,70.5651,79.5754,71.0332,88.1543,word-mix-bge-m3,mmarco-100000-chinese-zh-vi-word-mix-bge-m3/vector_mix/cm-alpha-0.1_dev_20260414-110534-agg.csv
ZH-VI,ZH docs,embed,30.0,74.3666,35.8372,2.3037,70.5627,78.1705,69.8287,78.9046,70.3273,87.8788,word-mix-bge-m3,mmarco-100000-chinese-zh-vi-word-mix-bge-m3/vector_mix/cm-alpha-0.3_dev_20260414-110545-agg.csv
ZH-VI,ZH docs,embed,50.0,72.6304,36.2348,2.3293,68.7843,76.4765,68.0421,77.2187,68.4473,87.0523,word-mix-bge-m3,mmarco-100000-chinese-zh-vi-word-mix-bge-m3/vector_mix/cm-alpha-0.5_dev_20260414-110555-agg.csv
ZH-VI,ZH docs,embed,70.0,67.949,38.5025,2.475,63.8623,72.0358,63.0736,72.8245,63.4419,83.1267,word-mix-bge-m3,mmarco-100000-chinese-zh-vi-word-mix-bge-m3/vector_mix/cm-alpha-0.7_dev_20260414-110606-agg.csv
ZH-VI,ZH docs,embed,90.0,57.4657,40.9623,2.6332,53.1179,61.8136,52.2788,62.6527,52.713,74.6556,word-mix-bge-m3,mmarco-100000-chinese-zh-vi-word-mix-bge-m3/vector_mix/cm-alpha-0.9_dev_20260414-110616-agg.csv
ZH-VI,ZH docs,embed,100.0,51.8833,42.3047,2.7194,47.3929,56.3736,46.5263,57.2402,47.5038,67.011,word-mix-bge-m3,mmarco-100000-chinese-zh-vi-word-mix-bge-m3/vector_mix/cm-alpha-1_dev_20260414-110626-agg.csv
ZH-VI,ZH docs,word,0.0,74.3215,35.4924,2.2815,70.5542,78.0887,69.8272,78.8158,70.3691,87.741,word-mix-bge-m3,mmarco-100000-chinese-zh-vi-word-mix-bge-m3/cm0_dev_20260414-111038-agg.csv
ZH-VI,ZH docs,word,10.0,70.8829,37.9016,2.4364,66.8599,74.9059,66.0836,75.6823,67.2478,83.8154,word-mix-bge-m3,mmarco-100000-chinese-zh-vi-word-mix-bge-m3/cm0-20_dev_20260414-111047-agg.csv
ZH-VI,ZH docs,word,30.0,70.813,38.9495,2.5038,66.6788,74.9472,65.8809,75.7451,67.8314,81.7493,word-mix-bge-m3,mmarco-100000-chinese-zh-vi-word-mix-bge-m3/cm20-40_dev_20260414-111055-agg.csv
ZH-VI,ZH docs,word,50.0,68.3348,39.0836,2.5124,64.1863,72.4832,63.3857,73.2838,64.5433,81.9559,word-mix-bge-m3,mmarco-100000-chinese-zh-vi-word-mix-bge-m3/cm40-60_dev_20260414-111104-agg.csv
ZH-VI,ZH docs,word,70.0,66.4835,40.2857,2.5897,62.2075,70.7596,61.3822,71.5848,62.4905,79.6143,word-mix-bge-m3,mmarco-100000-chinese-zh-vi-word-mix-bge-m3/cm60-80_dev_20260414-111114-agg.csv
ZH-VI,ZH docs,word,90.0,61.265,41.5319,2.6698,56.8567,65.6733,56.006,66.5241,57.1033,76.3085,word-mix-bge-m3,mmarco-100000-chinese-zh-vi-word-mix-bge-m3/cm80-100_dev_20260414-111123-agg.csv
ZH-VI,ZH docs,word,100.0,51.9033,42.2968,2.7189,47.4138,56.3928,46.5474,57.2592,47.5249,67.011,word-mix-bge-m3,mmarco-100000-chinese-zh-vi-word-mix-bge-m3/cm100_dev_20260414-111132-agg.csv
